Time,Queue Size,Packet Loss,Link Utilization,Global Sync Detected,Average Queue Depth,Times Problem Detected,Average Time Difference between Problem,Variance of Time Difference
1,0,0,0.000000,0.000000,0.000000,0,0.000000,0.000000
2,10,0,0.000000,0.000000,0.000000,0,0.000000,0.000000
3,11,0,10.000000,0.000000,0.000000,0,0.000000,0.000000
4,12,0,11.000000,0.000000,0.000000,0,0.000000,0.000000
5,13,0,12.000000,0.000000,0.000000,0,0.000000,0.000000
6,24,0,13.000000,0.000000,0.000000,0,0.000000,0.000000
7,26,0,24.000000,0.000000,0.000000,0,0.000000,0.000000
8,28,0,26.000000,0.000000,0.000000,0,0.000000,0.000000
9,30,0,28.000000,0.000000,0.000000,0,0.000000,0.000000
10,32,0,30.000002,0.000000,0.000000,0,0.000000,0.000000
11,34,0,32.000000,0.000000,0.000000,0,0.000000,0.000000
12,36,0,34.000000,0.000000,0.000000,0,0.000000,0.000000
13,38,0,36.000000,0.000000,0.000000,0,0.000000,0.000000
14,40,0,38.000000,0.000000,0.000000,0,0.000000,0.000000
15,42,0,40.000000,0.000000,0.000000,0,0.000000,0.000000
16,44,0,42.000000,0.000000,0.000000,0,0.000000,0.000000
17,46,0,44.000000,0.000000,0.000000,0,0.000000,0.000000
18,48,0,46.000000,0.000000,0.000000,0,0.000000,0.000000
19,50,0,48.000000,0.000000,0.000000,0,0.000000,0.000000
20,52,0,50.000000,0.000000,0.000000,0,0.000000,0.000000
21,54,0,52.000000,0.000000,0.000000,0,0.000000,0.000000
22,56,0,54.000004,0.000000,0.000000,0,0.000000,0.000000
23,58,0,56.000000,0.000000,0.000000,0,0.000000,0.000000
24,60,0,58.000000,0.000000,0.000000,0,0.000000,0.000000
25,62,0,60.000004,0.000000,0.000000,0,0.000000,0.000000
26,64,0,62.000000,0.000000,0.000000,0,0.000000,0.000000
27,66,0,64.000000,0.000000,0.000000,0,0.000000,0.000000
28,68,0,66.000000,0.000000,0.000000,0,0.000000,0.000000
29,70,0,68.000000,0.000000,0.000000,0,0.000000,0.000000
30,72,0,70.000000,0.000000,0.000000,0,0.000000,0.000000
31,74,0,72.000000,0.000000,0.000000,0,0.000000,0.000000
32,76,0,74.000000,0.000000,0.000000,0,0.000000,0.000000
33,78,0,76.000000,0.000000,0.000000,0,0.000000,0.000000
34,80,0,78.000000,0.000000,0.000000,0,0.000000,0.000000
35,82,0,80.000000,0.000000,0.000000,0,0.000000,0.000000
36,84,0,82.000000,0.000000,0.000000,0,0.000000,0.000000
37,86,0,84.000000,0.000000,0.000000,0,0.000000,0.000000
38,88,0,86.000000,0.000000,0.000000,0,0.000000,0.000000
39,90,0,88.000000,0.000000,0.000000,0,0.000000,0.000000
40,92,0,90.000000,0.000000,0.000000,0,0.000000,0.000000
41,94,0,92.000000,0.000000,0.000000,0,0.000000,0.000000
42,96,0,94.000000,0.000000,0.000000,0,0.000000,0.000000
43,97,0,96.000000,0.000000,0.000000,0,0.000000,0.000000
44,98,0,97.000000,0.000000,0.000000,0,0.000000,0.000000
45,99,0,98.000000,0.000000,0.000000,0,0.000000,0.000000
46,100,0,99.000000,0.000000,0.000000,0,0.000000,0.000000
47,100,0,100.000000,0.000000,0.000000,0,0.000000,0.000000
48,100,0,100.000000,0.000000,0.000000,0,0.000000,0.000000
49,100,0,100.000000,0.000000,0.000000,0,0.000000,0.000000
50,100,0,100.000000,0.000000,0.000000,0,0.000000,0.000000
51,100,0,100.000000,0.000000,0.000000,0,0.000000,0.000000
52,100,0,100.000000,0.000000,0.000000,0,0.000000,0.000000
53,100,0,100.000000,0.000000,0.000000,0,0.000000,0.000000
54,100,0,100.000000,0.000000,0.000000,0,0.000000,0.000000
55,100,0,100.000000,0.000000,0.000000,0,0.000000,0.000000
56,100,0,100.000000,0.000000,0.000000,0,0.000000,0.000000
57,100,0,100.000000,0.000000,0.000000,0,0.000000,0.000000
58,100,0,100.000000,0.000000,0.000000,0,0.000000,0.000000
59,100,0,100.000000,0.000000,0.000000,0,0.000000,0.000000
60,100,0,100.000000,0.000000,0.000000,0,0.000000,0.000000
61,100,0,100.000000,0.000000,0.000000,0,0.000000,0.000000
62,100,0,100.000000,0.000000,0.000000,0,0.000000,0.000000
63,100,0,100.000000,0.000000,0.000000,0,0.000000,0.000000
64,100,0,100.000000,0.000000,0.000000,0,0.000000,0.000000
65,100,0,100.000000,0.000000,0.000000,0,0.000000,0.000000
66,100,0,100.000000,0.000000,0.000000,0,0.000000,0.000000
67,100,0,100.000000,0.000000,0.000000,0,0.000000,0.000000
68,100,0,100.000000,0.000000,0.000000,0,0.000000,0.000000
69,100,0,100.000000,0.000000,0.000000,0,0.000000,0.000000
70,100,0,100.000000,0.000000,0.000000,0,0.000000,0.000000
71,100,0,100.000000,0.000000,0.000000,0,0.000000,0.000000
72,100,0,100.000000,0.000000,0.000000,0,0.000000,0.000000
73,100,0,100.000000,0.000000,0.000000,0,0.000000,0.000000
74,100,0,100.000000,0.000000,0.000000,0,0.000000,0.000000
75,100,0,100.000000,0.000000,0.000000,0,0.000000,0.000000
76,100,0,100.000000,0.000000,0.000000,0,0.000000,0.000000
77,100,0,100.000000,0.000000,0.000000,0,0.000000,0.000000
78,100,0,100.000000,0.000000,0.000000,0,0.000000,0.000000
79,100,0,100.000000,0.000000,0.000000,0,0.000000,0.000000
80,100,0,100.000000,0.000000,0.000000,0,0.000000,0.000000
81,100,0,100.000000,0.000000,0.000000,0,0.000000,0.000000
82,100,0,100.000000,0.000000,0.000000,0,0.000000,0.000000
83,100,0,100.000000,0.000000,0.000000,0,0.000000,0.000000
84,100,0,100.000000,0.000000,0.000000,0,0.000000,0.000000
85,100,0,100.000000,0.000000,0.000000,0,0.000000,0.000000
86,100,0,100.000000,0.000000,0.000000,0,0.000000,0.000000
87,100,0,100.000000,0.000000,0.000000,0,0.000000,0.000000
88,100,0,100.000000,0.000000,0.000000,0,0.000000,0.000000
89,100,0,100.000000,0.000000,0.000000,0,0.000000,0.000000
90,100,0,100.000000,0.000000,0.000000,0,0.000000,0.000000
91,100,0,100.000000,0.000000,0.000000,0,0.000000,0.000000
92,100,0,100.000000,0.000000,0.000000,0,0.000000,0.000000
93,100,0,100.000000,0.000000,0.000000,0,0.000000,0.000000
94,100,0,100.000000,0.000000,0.000000,0,0.000000,0.000000
95,100,0,100.000000,0.000000,0.000000,0,0.000000,0.000000
96,100,0,100.000000,0.000000,0.000000,0,0.000000,0.000000
97,100,0,100.000000,0.000000,0.000000,0,0.000000,0.000000
98,100,0,100.000000,0.000000,0.000000,0,0.000000,0.000000
99,100,0,100.000000,0.000000,0.000000,0,0.000000,0.000000
100,100,0,100.000000,0.000000,0.000000,0,0.000000,0.000000
101,110,0,100.000000,0.000000,0.000000,0,0.000000,0.000000
102,121,0,100.000000,0.000000,0.000000,0,0.000000,0.000000
103,133,0,100.000000,0.000000,0.000000,0,0.000000,0.000000
104,146,0,100.000000,0.000000,0.000000,0,0.000000,0.000000
105,160,0,100.000000,0.000000,0.000000,0,0.000000,0.000000
106,175,0,100.000000,0.000000,0.000000,0,0.000000,0.000000
107,188,1,100.000000,0.000000,0.000000,0,0.000000,0.000000
108,166,1,100.000000,0.000000,0.000000,0,0.000000,0.000000
109,146,1,100.000000,0.000000,0.000000,0,0.000000,0.000000
110,128,1,100.000000,0.000000,0.000000,0,0.000000,0.000000
111,112,1,100.000000,0.000000,0.000000,0,0.000000,0.000000
112,98,1,100.000000,0.000000,0.000000,0,0.000000,0.000000
113,88,1,98.000000,0.000000,0.000000,0,0.000000,0.000000
114,90,1,88.000000,0.000000,0.000000,0,0.000000,0.000000
115,92,1,90.000000,0.000000,0.000000,0,0.000000,0.000000
116,94,1,92.000000,0.000000,0.000000,0,0.000000,0.000000
117,96,1,94.000000,0.000000,0.000000,0,0.000000,0.000000
118,98,1,96.000000,0.000000,0.000000,0,0.000000,0.000000
119,100,1,98.000000,0.000000,0.000000,0,0.000000,0.000000
120,102,1,100.000000,0.000000,0.000000,0,0.000000,0.000000
121,106,1,100.000000,0.000000,0.000000,0,0.000000,0.000000
122,112,1,100.000000,0.000000,0.000000,0,0.000000,0.000000
123,120,1,100.000000,0.000000,0.000000,0,0.000000,0.000000
124,130,1,100.000000,0.000000,0.000000,0,0.000000,0.000000
125,142,1,100.000000,0.000000,0.000000,0,0.000000,0.000000
126,156,1,100.000000,0.000000,0.000000,0,0.000000,0.000000
127,172,1,100.000000,0.000000,0.000000,0,0.000000,0.000000
128,187,2,100.000000,0.000000,0.000000,0,0.000000,0.000000
129,168,2,100.000000,0.000000,0.000000,0,0.000000,0.000000
130,152,2,100.000000,0.000000,0.000000,0,0.000000,0.000000
131,139,2,100.000000,0.000000,0.000000,0,0.000000,0.000000
132,129,2,100.000000,0.000000,0.000000,0,0.000000,0.000000
133,122,2,100.000000,0.000000,0.000000,0,0.000000,0.000000
134,118,2,100.000000,0.000000,0.000000,0,0.000000,0.000000
135,117,2,100.000000,0.000000,0.000000,0,0.000000,0.000000
136,119,2,100.000000,0.000000,0.000000,0,0.000000,0.000000
137,124,2,100.000000,0.000000,0.000000,0,0.000000,0.000000
138,132,2,100.000000,0.000000,0.000000,0,0.000000,0.000000
139,143,2,100.000000,0.000000,0.000000,0,0.000000,0.000000
140,157,2,100.000000,0.000000,0.000000,0,0.000000,0.000000
141,174,2,100.000000,0.000000,0.000000,0,0.000000,0.000000
142,186,3,100.000000,1.000000,0.000000,1,0.000000,0.000000
143,168,3,100.000000,0.000000,0.000000,1,0.000000,0.000000
144,153,3,100.000000,0.000000,0.000000,1,0.000000,0.000000
145,141,3,100.000000,0.000000,0.000000,1,0.000000,0.000000
146,132,3,100.000000,0.000000,0.000000,1,0.000000,0.000000
147,126,3,100.000000,0.000000,0.000000,1,0.000000,0.000000
148,122,3,100.000000,0.000000,0.000000,1,0.000000,0.000000
149,120,3,100.000000,0.000000,0.000000,1,0.000000,0.000000
150,120,3,100.000000,0.000000,0.000000,1,0.000000,0.000000
151,122,3,100.000000,0.000000,0.000000,1,0.000000,0.000000
152,126,3,100.000000,0.000000,0.000000,1,0.000000,0.000000
153,132,3,100.000000,0.000000,0.000000,1,0.000000,0.000000
154,140,3,100.000000,0.000000,0.000000,1,0.000000,0.000000
155,150,3,100.000000,0.000000,0.000000,1,0.000000,0.000000
156,162,3,100.000000,0.000000,0.000000,1,0.000000,0.000000
157,176,3,100.000000,0.000000,0.000000,1,0.000000,0.000000
158,191,4,100.000000,0.000000,0.000000,1,0.000000,0.000000
159,179,4,100.000000,0.000000,0.000000,1,0.000000,0.000000
160,169,4,100.000000,0.000000,0.000000,1,0.000000,0.000000
161,161,4,100.000000,0.000000,0.000000,1,0.000000,0.000000
162,155,4,100.000000,0.000000,0.000000,1,0.000000,0.000000
163,151,4,100.000000,0.000000,0.000000,1,0.000000,0.000000
164,149,4,100.000000,0.000000,0.000000,1,0.000000,0.000000
165,149,4,100.000000,0.000000,0.000000,1,0.000000,0.000000
166,151,4,100.000000,0.000000,0.000000,1,0.000000,0.000000
167,155,4,100.000000,0.000000,0.000000,1,0.000000,0.000000
168,161,4,100.000000,0.000000,0.000000,1,0.000000,0.000000
169,169,4,100.000000,0.000000,0.000000,1,0.000000,0.000000
170,179,4,100.000000,0.000000,0.000000,1,0.000000,0.000000
171,191,5,100.000000,0.000000,0.000000,1,0.000000,0.000000
172,166,5,100.000000,0.000000,0.000000,1,0.000000,0.000000
173,144,5,100.000000,0.000000,0.000000,1,0.000000,0.000000
174,125,5,100.000000,0.000000,0.000000,1,0.000000,0.000000
175,109,5,100.000000,0.000000,0.000000,1,0.000000,0.000000
176,96,5,100.000000,0.000000,0.000000,1,0.000000,0.000000
177,90,5,96.000000,0.000000,0.000000,1,0.000000,0.000000
178,93,5,90.000000,0.000000,0.000000,1,0.000000,0.000000
179,96,5,93.000000,0.000000,0.000000,1,0.000000,0.000000
180,99,5,96.000000,0.000000,0.000000,1,0.000000,0.000000
181,102,5,99.000000,0.000000,0.000000,1,0.000000,0.000000
182,107,5,100.000000,0.000000,0.000000,1,0.000000,0.000000
183,114,5,100.000000,0.000000,0.000000,1,0.000000,0.000000
184,123,5,100.000000,0.000000,0.000000,1,0.000000,0.000000
185,134,5,100.000000,0.000000,0.000000,1,0.000000,0.000000
186,147,5,100.000000,0.000000,0.000000,1,0.000000,0.000000
187,162,5,100.000000,0.000000,0.000000,1,0.000000,0.000000
188,179,5,100.000000,0.000000,0.000000,1,0.000000,0.000000
189,195,6,100.000000,0.000000,0.000000,1,0.000000,0.000000
190,186,6,100.000000,0.000000,0.000000,1,0.000000,0.000000
191,178,6,100.000000,0.000000,0.000000,1,0.000000,0.000000
192,172,6,100.000000,0.000000,0.000000,1,0.000000,0.000000
193,168,6,100.000000,0.000000,0.000000,1,0.000000,0.000000
194,166,6,100.000000,0.000000,0.000000,1,0.000000,0.000000
195,166,6,100.000000,0.000000,0.000000,1,0.000000,0.000000
196,168,6,100.000000,0.000000,0.000000,1,0.000000,0.000000
197,172,6,100.000000,0.000000,0.000000,1,0.000000,0.000000
198,178,6,100.000000,0.000000,0.000000,1,0.000000,0.000000
199,184,7,100.000000,0.000000,0.000000,1,0.000000,0.000000
200,155,7,100.000000,0.000000,0.000000,1,0.000000,0.000000
201,129,7,100.000000,0.000000,0.000000,1,0.000000,0.000000
202,106,7,100.000000,0.000000,0.000000,1,0.000000,0.000000
203,86,7,100.000000,0.000000,0.000000,1,0.000000,0.000000
204,83,7,86.000000,0.000000,0.000000,1,0.000000,0.000000
205,86,7,83.000000,0.000000,0.000000,1,0.000000,0.000000
206,89,7,86.000000,0.000000,0.000000,1,0.000000,0.000000
207,92,7,89.000000,0.000000,0.000000,1,0.000000,0.000000
208,95,7,92.000000,0.000000,0.000000,1,0.000000,0.000000
209,98,7,95.000000,0.000000,0.000000,1,0.000000,0.000000
210,101,7,98.000000,0.000000,0.000000,1,0.000000,0.000000
211,105,7,100.000000,0.000000,0.000000,1,0.000000,0.000000
212,111,7,100.000000,0.000000,0.000000,1,0.000000,0.000000
213,119,7,100.000000,0.000000,0.000000,1,0.000000,0.000000
214,129,7,100.000000,0.000000,0.000000,1,0.000000,0.000000
215,141,7,100.000000,0.000000,0.000000,1,0.000000,0.000000
216,155,7,100.000000,0.000000,0.000000,1,0.000000,0.000000
217,171,7,100.000000,0.000000,0.000000,1,0.000000,0.000000
218,189,8,100.000000,0.000000,0.000000,1,0.000000,0.000000
219,170,8,100.000000,0.000000,0.000000,1,0.000000,0.000000
220,154,8,100.000000,0.000000,0.000000,1,0.000000,0.000000
221,141,8,100.000000,0.000000,0.000000,1,0.000000,0.000000
222,131,8,100.000000,0.000000,0.000000,1,0.000000,0.000000
223,124,8,100.000000,0.000000,0.000000,1,0.000000,0.000000
224,120,8,100.000000,0.000000,0.000000,1,0.000000,0.000000
225,119,8,100.000000,0.000000,0.000000,1,0.000000,0.000000
226,121,8,100.000000,0.000000,0.000000,1,0.000000,0.000000
227,126,8,100.000000,0.000000,0.000000,1,0.000000,0.000000
228,134,8,100.000000,0.000000,0.000000,1,0.000000,0.000000
229,145,8,100.000000,0.000000,0.000000,1,0.000000,0.000000
230,158,8,100.000000,0.000000,0.000000,1,0.000000,0.000000
231,173,8,100.000000,0.000000,0.000000,1,0.000000,0.000000
232,190,9,100.000000,0.000000,0.000000,1,0.000000,0.000000
233,176,9,100.000000,0.000000,0.000000,1,0.000000,0.000000
234,164,9,100.000000,0.000000,0.000000,1,0.000000,0.000000
235,154,9,100.000000,0.000000,0.000000,1,0.000000,0.000000
236,146,9,100.000000,0.000000,0.000000,1,0.000000,0.000000
237,140,9,100.000000,0.000000,0.000000,1,0.000000,0.000000
238,136,9,100.000000,0.000000,0.000000,1,0.000000,0.000000
239,134,9,100.000000,0.000000,0.000000,1,0.000000,0.000000
240,134,9,100.000000,0.000000,0.000000,1,0.000000,0.000000
241,136,9,100.000000,0.000000,0.000000,1,0.000000,0.000000
242,140,9,100.000000,0.000000,0.000000,1,0.000000,0.000000
243,146,9,100.000000,0.000000,0.000000,1,0.000000,0.000000
244,154,9,100.000000,0.000000,0.000000,1,0.000000,0.000000
245,164,9,100.000000,0.000000,0.000000,1,0.000000,0.000000
246,176,9,100.000000,0.000000,0.000000,1,0.000000,0.000000
247,190,10,100.000000,0.000000,0.000000,1,0.000000,0.000000
248,167,10,100.000000,0.000000,0.000000,1,0.000000,0.000000
249,147,10,100.000000,0.000000,0.000000,1,0.000000,0.000000
250,130,10,100.000000,0.000000,0.000000,1,0.000000,0.000000
251,116,10,100.000000,0.000000,0.000000,1,0.000000,0.000000
252,105,10,100.000000,0.000000,0.000000,1,0.000000,0.000000
253,97,10,100.000000,0.000000,0.000000,1,0.000000,0.000000
254,95,10,97.000000,0.000000,0.000000,1,0.000000,0.000000
255,98,10,95.000000,0.000000,0.000000,1,0.000000,0.000000
256,101,10,98.000000,0.000000,0.000000,1,0.000000,0.000000
257,105,10,100.000000,0.000000,0.000000,1,0.000000,0.000000
258,112,10,100.000000,0.000000,0.000000,1,0.000000,0.000000
259,121,10,100.000000,0.000000,0.000000,1,0.000000,0.000000
260,132,10,100.000000,0.000000,0.000000,1,0.000000,0.000000
261,145,10,100.000000,0.000000,0.000000,1,0.000000,0.000000
262,160,10,100.000000,0.000000,0.000000,1,0.000000,0.000000
263,177,10,100.000000,0.000000,0.000000,1,0.000000,0.000000
264,195,11,100.000000,0.000000,0.000000,1,0.000000,0.000000
265,185,11,100.000000,0.000000,0.000000,1,0.000000,0.000000
266,176,11,100.000000,0.000000,0.000000,1,0.000000,0.000000
267,169,11,100.000000,0.000000,0.000000,1,0.000000,0.000000
268,164,11,100.000000,0.000000,0.000000,1,0.000000,0.000000
269,161,11,100.000000,0.000000,0.000000,1,0.000000,0.000000
270,160,11,100.000000,0.000000,0.000000,1,0.000000,0.000000
271,161,11,100.000000,0.000000,0.000000,1,0.000000,0.000000
272,164,11,100.000000,0.000000,0.000000,1,0.000000,0.000000
273,169,11,100.000000,0.000000,0.000000,1,0.000000,0.000000
274,176,11,100.000000,0.000000,0.000000,1,0.000000,0.000000
275,184,12,100.000000,1.000000,0.000000,2,133002.000000,-1.000000
276,156,12,100.000000,0.000000,0.000000,2,133002.000000,-1.000000
277,131,12,100.000000,0.000000,0.000000,2,133002.000000,-1.000000
278,109,12,100.000000,0.000000,0.000000,2,133002.000000,-1.000000
279,90,12,100.000000,0.000000,0.000000,2,133002.000000,-1.000000
280,84,12,90.000000,0.000000,0.000000,2,133002.000000,-1.000000
281,87,12,84.000000,0.000000,0.000000,2,133002.000000,-1.000000
282,90,12,87.000000,0.000000,0.000000,2,133002.000000,-1.000000
283,93,12,90.000000,0.000000,0.000000,2,133002.000000,-1.000000
284,96,12,93.000000,0.000000,0.000000,2,133002.000000,-1.000000
285,99,12,96.000000,0.000000,0.000000,2,133002.000000,-1.000000
286,102,12,99.000000,0.000000,0.000000,2,133002.000000,-1.000000
287,107,12,100.000000,0.000000,0.000000,2,133002.000000,-1.000000
288,114,12,100.000000,0.000000,0.000000,2,133002.000000,-1.000000
289,123,12,100.000000,0.000000,0.000000,2,133002.000000,-1.000000
290,134,12,100.000000,0.000000,0.000000,2,133002.000000,-1.000000
291,147,12,100.000000,0.000000,0.000000,2,133002.000000,-1.000000
292,162,12,100.000000,0.000000,0.000000,2,133002.000000,-1.000000
293,179,12,100.000000,0.000000,0.000000,2,133002.000000,-1.000000
294,197,13,100.000000,0.000000,0.000000,2,133002.000000,-1.000000
295,189,13,100.000000,0.000000,0.000000,2,133002.000000,-1.000000
296,183,13,100.000000,0.000000,0.000000,2,133002.000000,-1.000000
297,178,13,100.000000,0.000000,0.000000,2,133002.000000,-1.000000
298,175,13,100.000000,0.000000,0.000000,2,133002.000000,-1.000000
299,174,13,100.000000,0.000000,0.000000,2,133002.000000,-1.000000
300,175,13,100.000000,0.000000,0.000000,2,133002.000000,-1.000000
301,178,13,100.000000,0.000000,0.000000,2,133002.000000,-1.000000
302,181,13,100.000000,0.000000,0.000000,2,133002.000000,-1.000000
303,186,14,100.000000,0.000000,0.000000,2,133002.000000,-1.000000
304,156,14,100.000000,0.000000,0.000000,2,133002.000000,-1.000000
305,129,14,100.000000,0.000000,0.000000,2,133002.000000,-1.000000
306,105,14,100.000000,0.000000,0.000000,2,133002.000000,-1.000000
307,84,14,100.000000,0.000000,0.000000,2,133002.000000,-1.000000
308,82,14,84.000000,0.000000,0.000000,2,133002.000000,-1.000000
309,85,14,82.000000,0.000000,0.000000,2,133002.000000,-1.000000
310,88,14,85.000000,0.000000,0.000000,2,133002.000000,-1.000000
311,91,14,88.000000,0.000000,0.000000,2,133002.000000,-1.000000
312,94,14,91.000000,0.000000,0.000000,2,133002.000000,-1.000000
313,97,14,94.000000,0.000000,0.000000,2,133002.000000,-1.000000
314,100,14,97.000000,0.000000,0.000000,2,133002.000000,-1.000000
315,103,14,100.000000,0.000000,0.000000,2,133002.000000,-1.000000
316,108,14,100.000000,0.000000,0.000000,2,133002.000000,-1.000000
317,115,14,100.000000,0.000000,0.000000,2,133002.000000,-1.000000
318,124,14,100.000000,0.000000,0.000000,2,133002.000000,-1.000000
319,135,14,100.000000,0.000000,0.000000,2,133002.000000,-1.000000
320,148,14,100.000000,0.000000,0.000000,2,133002.000000,-1.000000
321,163,14,100.000000,0.000000,0.000000,2,133002.000000,-1.000000
322,180,14,100.000000,0.000000,0.000000,2,133002.000000,-1.000000
323,198,15,100.000000,0.000000,0.000000,2,133002.000000,-1.000000
324,191,15,100.000000,0.000000,0.000000,2,133002.000000,-1.000000
325,186,15,100.000000,0.000000,0.000000,2,133002.000000,-1.000000
326,181,15,100.000000,0.000000,0.000000,2,133002.000000,-1.000000
327,179,15,100.000000,0.000000,0.000000,2,133002.000000,-1.000000
328,179,15,100.000000,0.000000,0.000000,2,133002.000000,-1.000000
329,181,15,100.000000,0.000000,0.000000,2,133002.000000,-1.000000
330,181,15,100.000000,0.000000,0.000000,2,133002.000000,-1.000000
331,181,16,100.000000,1.000000,0.000000,3,94502.500000,494070496.000000
332,150,16,100.000000,0.000000,0.000000,3,94502.500000,494070496.000000
333,122,16,100.000000,0.000000,0.000000,3,94502.500000,494070496.000000
334,97,16,100.000000,0.000000,0.000000,3,94502.500000,494070496.000000
335,78,16,97.000000,0.000000,0.000000,3,94502.500000,494070496.000000
336,81,16,78.000000,0.000000,0.000000,3,94502.500000,494070496.000000
337,84,16,81.000000,0.000000,0.000000,3,94502.500000,494070496.000000
338,87,16,84.000000,0.000000,0.000000,3,94502.500000,494070496.000000
339,90,16,87.000000,0.000000,0.000000,3,94502.500000,494070496.000000
340,93,16,90.000000,0.000000,0.000000,3,94502.500000,494070496.000000
341,96,16,93.000000,0.000000,0.000000,3,94502.500000,494070496.000000
342,99,16,96.000000,0.000000,0.000000,3,94502.500000,494070496.000000
343,102,16,99.000000,0.000000,0.000000,3,94502.500000,494070496.000000
344,106,16,100.000000,0.000000,0.000000,3,94502.500000,494070496.000000
345,112,16,100.000000,0.000000,0.000000,3,94502.500000,494070496.000000
346,120,16,100.000000,0.000000,0.000000,3,94502.500000,494070496.000000
347,130,16,100.000000,0.000000,0.000000,3,94502.500000,494070496.000000
348,142,16,100.000000,0.000000,0.000000,3,94502.500000,494070496.000000
349,156,16,100.000000,0.000000,0.000000,3,94502.500000,494070496.000000
350,172,16,100.000000,0.000000,0.000000,3,94502.500000,494070496.000000
351,188,17,100.000000,0.000000,0.000000,3,94502.500000,494070496.000000
352,169,17,100.000000,0.000000,0.000000,3,94502.500000,494070496.000000
353,153,17,100.000000,0.000000,0.000000,3,94502.500000,494070496.000000
354,140,17,100.000000,0.000000,0.000000,3,94502.500000,494070496.000000
355,130,17,100.000000,0.000000,0.000000,3,94502.500000,494070496.000000
356,123,17,100.000000,0.000000,0.000000,3,94502.500000,494070496.000000
357,119,17,100.000000,0.000000,0.000000,3,94502.500000,494070496.000000
358,118,17,100.000000,0.000000,0.000000,3,94502.500000,494070496.000000
359,120,17,100.000000,0.000000,0.000000,3,94502.500000,494070496.000000
360,125,17,100.000000,0.000000,0.000000,3,94502.500000,494070496.000000
361,133,17,100.000000,0.000000,0.000000,3,94502.500000,494070496.000000
362,144,17,100.000000,0.000000,0.000000,3,94502.500000,494070496.000000
363,158,17,100.000000,0.000000,0.000000,3,94502.500000,494070496.000000
364,174,17,100.000000,0.000000,0.000000,3,94502.500000,494070496.000000
365,192,18,100.000000,0.000000,0.000000,3,94502.500000,494070496.000000
366,178,18,100.000000,0.000000,0.000000,3,94502.500000,494070496.000000
367,166,18,100.000000,0.000000,0.000000,3,94502.500000,494070496.000000
368,156,18,100.000000,0.000000,0.000000,3,94502.500000,494070496.000000
369,148,18,100.000000,0.000000,0.000000,3,94502.500000,494070496.000000
370,142,18,100.000000,0.000000,0.000000,3,94502.500000,494070496.000000
371,138,18,100.000000,0.000000,0.000000,3,94502.500000,494070496.000000
372,136,18,100.000000,0.000000,0.000000,3,94502.500000,494070496.000000
373,136,18,100.000000,0.000000,0.000000,3,94502.500000,494070496.000000
374,138,18,100.000000,0.000000,0.000000,3,94502.500000,494070496.000000
375,142,18,100.000000,0.000000,0.000000,3,94502.500000,494070496.000000
376,148,18,100.000000,0.000000,0.000000,3,94502.500000,494070496.000000
377,156,18,100.000000,0.000000,0.000000,3,94502.500000,494070496.000000
378,166,18,100.000000,0.000000,0.000000,3,94502.500000,494070496.000000
379,178,18,100.000000,0.000000,0.000000,3,94502.500000,494070496.000000
380,192,19,100.000000,1.000000,0.000000,4,79331.335938,230164336.000000
381,169,19,100.000000,0.000000,0.000000,4,79331.335938,230164336.000000
382,149,19,100.000000,0.000000,0.000000,4,79331.335938,230164336.000000
383,132,19,100.000000,0.000000,0.000000,4,79331.335938,230164336.000000
384,118,19,100.000000,0.000000,0.000000,4,79331.335938,230164336.000000
385,107,19,100.000000,0.000000,0.000000,4,79331.335938,230164336.000000
386,99,19,100.000000,0.000000,0.000000,4,79331.335938,230164336.000000
387,95,19,99.000000,0.000000,0.000000,4,79331.335938,230164336.000000
388,98,19,95.000000,0.000000,0.000000,4,79331.335938,230164336.000000
389,101,19,98.000000,0.000000,0.000000,4,79331.335938,230164336.000000
390,105,19,100.000000,0.000000,0.000000,4,79331.335938,230164336.000000
391,112,19,100.000000,0.000000,0.000000,4,79331.335938,230164336.000000
392,121,19,100.000000,0.000000,0.000000,4,79331.335938,230164336.000000
393,132,19,100.000000,0.000000,0.000000,4,79331.335938,230164336.000000
394,145,19,100.000000,0.000000,0.000000,4,79331.335938,230164336.000000
395,160,19,100.000000,0.000000,0.000000,4,79331.335938,230164336.000000
396,177,19,100.000000,0.000000,0.000000,4,79331.335938,230164336.000000
397,193,20,100.000000,0.000000,0.000000,4,79331.335938,230164336.000000
398,175,20,100.000000,0.000000,0.000000,4,79331.335938,230164336.000000
399,160,20,100.000000,0.000000,0.000000,4,79331.335938,230164336.000000
400,148,20,100.000000,0.000000,0.000000,4,79331.335938,230164336.000000
401,139,20,100.000000,0.000000,0.000000,4,79331.335938,230164336.000000
402,133,20,100.000000,0.000000,0.000000,4,79331.335938,230164336.000000
403,130,20,100.000000,0.000000,0.000000,4,79331.335938,230164336.000000
404,130,20,100.000000,0.000000,0.000000,4,79331.335938,230164336.000000
405,133,20,100.000000,0.000000,0.000000,4,79331.335938,230164336.000000
406,138,20,100.000000,0.000000,0.000000,4,79331.335938,230164336.000000
407,145,20,100.000000,0.000000,0.000000,4,79331.335938,230164336.000000
408,154,20,100.000000,0.000000,0.000000,4,79331.335938,230164336.000000
409,165,20,100.000000,0.000000,0.000000,4,79331.335938,230164336.000000
410,178,20,100.000000,0.000000,0.000000,4,79331.335938,230164336.000000
411,188,21,100.000000,0.000000,0.000000,4,79331.335938,230164336.000000
412,166,21,100.000000,0.000000,0.000000,4,79331.335938,230164336.000000
413,147,21,100.000000,0.000000,0.000000,4,79331.335938,230164336.000000
414,131,21,100.000000,0.000000,0.000000,4,79331.335938,230164336.000000
415,118,21,100.000000,0.000000,0.000000,4,79331.335938,230164336.000000
416,108,21,100.000000,0.000000,0.000000,4,79331.335938,230164336.000000
417,101,21,100.000000,0.000000,0.000000,4,79331.335938,230164336.000000
418,97,21,100.000000,0.000000,0.000000,4,79331.335938,230164336.000000
419,99,21,97.000000,0.000000,0.000000,4,79331.335938,230164336.000000
420,102,21,99.000000,0.000000,0.000000,4,79331.335938,230164336.000000
421,106,21,100.000000,0.000000,0.000000,4,79331.335938,230164336.000000
422,112,21,100.000000,0.000000,0.000000,4,79331.335938,230164336.000000
423,120,21,100.000000,0.000000,0.000000,4,79331.335938,230164336.000000
424,130,21,100.000000,0.000000,0.000000,4,79331.335938,230164336.000000
425,142,21,100.000000,0.000000,0.000000,4,79331.335938,230164336.000000
426,156,21,100.000000,0.000000,0.000000,4,79331.335938,230164336.000000
427,172,21,100.000000,0.000000,0.000000,4,79331.335938,230164336.000000
428,183,22,100.000000,1.000000,0.000000,5,71500.750000,110372464.000000
429,164,22,100.000000,0.000000,0.000000,5,71500.750000,110372464.000000
430,148,22,100.000000,0.000000,0.000000,5,71500.750000,110372464.000000
431,135,22,100.000000,0.000000,0.000000,5,71500.750000,110372464.000000
432,125,22,100.000000,0.000000,0.000000,5,71500.750000,110372464.000000
433,118,22,100.000000,0.000000,0.000000,5,71500.750000,110372464.000000
434,114,22,100.000000,0.000000,0.000000,5,71500.750000,110372464.000000
435,113,22,100.000000,0.000000,0.000000,5,71500.750000,110372464.000000
436,115,22,100.000000,0.000000,0.000000,5,71500.750000,110372464.000000
437,120,22,100.000000,0.000000,0.000000,5,71500.750000,110372464.000000
438,127,22,100.000000,0.000000,0.000000,5,71500.750000,110372464.000000
439,136,22,100.000000,0.000000,0.000000,5,71500.750000,110372464.000000
440,147,22,100.000000,0.000000,0.000000,5,71500.750000,110372464.000000
441,160,22,100.000000,0.000000,0.000000,5,71500.750000,110372464.000000
442,175,22,100.000000,0.000000,0.000000,5,71500.750000,110372464.000000
443,191,23,100.000000,0.000000,0.000000,5,71500.750000,110372464.000000
444,171,23,100.000000,0.000000,0.000000,5,71500.750000,110372464.000000
445,154,23,100.000000,0.000000,0.000000,5,71500.750000,110372464.000000
446,140,23,100.000000,0.000000,0.000000,5,71500.750000,110372464.000000
447,129,23,100.000000,0.000000,0.000000,5,71500.750000,110372464.000000
448,121,23,100.000000,0.000000,0.000000,5,71500.750000,110372464.000000
449,116,23,100.000000,0.000000,0.000000,5,71500.750000,110372464.000000
450,114,23,100.000000,0.000000,0.000000,5,71500.750000,110372464.000000
451,115,23,100.000000,0.000000,0.000000,5,71500.750000,110372464.000000
452,118,23,100.000000,0.000000,0.000000,5,71500.750000,110372464.000000
453,123,23,100.000000,0.000000,0.000000,5,71500.750000,110372464.000000
454,130,23,100.000000,0.000000,0.000000,5,71500.750000,110372464.000000
455,139,23,100.000000,0.000000,0.000000,5,71500.750000,110372464.000000
456,150,23,100.000000,0.000000,0.000000,5,71500.750000,110372464.000000
457,163,23,100.000000,0.000000,0.000000,5,71500.750000,110372464.000000
458,178,23,100.000000,0.000000,0.000000,5,71500.750000,110372464.000000
459,194,24,100.000000,0.000000,0.000000,5,71500.750000,110372464.000000
460,183,24,100.000000,0.000000,0.000000,5,71500.750000,110372464.000000
461,173,24,100.000000,0.000000,0.000000,5,71500.750000,110372464.000000
462,165,24,100.000000,0.000000,0.000000,5,71500.750000,110372464.000000
463,159,24,100.000000,0.000000,0.000000,5,71500.750000,110372464.000000
464,155,24,100.000000,0.000000,0.000000,5,71500.750000,110372464.000000
465,153,24,100.000000,0.000000,0.000000,5,71500.750000,110372464.000000
466,153,24,100.000000,0.000000,0.000000,5,71500.750000,110372464.000000
467,155,24,100.000000,0.000000,0.000000,5,71500.750000,110372464.000000
468,159,24,100.000000,0.000000,0.000000,5,71500.750000,110372464.000000
469,165,24,100.000000,0.000000,0.000000,5,71500.750000,110372464.000000
470,173,24,100.000000,0.000000,0.000000,5,71500.750000,110372464.000000
471,183,25,100.000000,1.000000,0.000000,6,65800.601562,86644568.000000
472,156,25,100.000000,0.000000,0.000000,6,65800.601562,86644568.000000
473,132,25,100.000000,0.000000,0.000000,6,65800.601562,86644568.000000
474,111,25,100.000000,0.000000,0.000000,6,65800.601562,86644568.000000
475,93,25,100.000000,0.000000,0.000000,6,65800.601562,86644568.000000
476,85,25,93.000000,0.000000,0.000000,6,65800.601562,86644568.000000
477,88,25,85.000000,0.000000,0.000000,6,65800.601562,86644568.000000
478,91,25,88.000000,0.000000,0.000000,6,65800.601562,86644568.000000
479,94,25,91.000000,0.000000,0.000000,6,65800.601562,86644568.000000
480,97,25,94.000000,0.000000,0.000000,6,65800.601562,86644568.000000
481,100,25,97.000000,0.000000,0.000000,6,65800.601562,86644568.000000
482,103,25,100.000000,0.000000,0.000000,6,65800.601562,86644568.000000
483,109,25,100.000000,0.000000,0.000000,6,65800.601562,86644568.000000
484,117,25,100.000000,0.000000,0.000000,6,65800.601562,86644568.000000
485,127,25,100.000000,0.000000,0.000000,6,65800.601562,86644568.000000
486,139,25,100.000000,0.000000,0.000000,6,65800.601562,86644568.000000
487,153,25,100.000000,0.000000,0.000000,6,65800.601562,86644568.000000
488,169,25,100.000000,0.000000,0.000000,6,65800.601562,86644568.000000
489,184,26,100.000000,0.000000,0.000000,6,65800.601562,86644568.000000
490,165,26,100.000000,0.000000,0.000000,6,65800.601562,86644568.000000
491,149,26,100.000000,0.000000,0.000000,6,65800.601562,86644568.000000
492,136,26,100.000000,0.000000,0.000000,6,65800.601562,86644568.000000
493,126,26,100.000000,0.000000,0.000000,6,65800.601562,86644568.000000
494,119,26,100.000000,0.000000,0.000000,6,65800.601562,86644568.000000
495,115,26,100.000000,0.000000,0.000000,6,65800.601562,86644568.000000
496,114,26,100.000000,0.000000,0.000000,6,65800.601562,86644568.000000
497,116,26,100.000000,0.000000,0.000000,6,65800.601562,86644568.000000
498,121,26,100.000000,0.000000,0.000000,6,65800.601562,86644568.000000
499,129,26,100.000000,0.000000,0.000000,6,65800.601562,86644568.000000
500,139,26,100.000000,0.000000,0.000000,6,65800.601562,86644568.000000
501,151,26,100.000000,0.000000,0.000000,6,65800.601562,86644568.000000
502,165,26,100.000000,0.000000,0.000000,6,65800.601562,86644568.000000
503,181,27,100.000000,0.000000,0.000000,6,65800.601562,86644568.000000
504,160,27,100.000000,0.000000,0.000000,6,65800.601562,86644568.000000
505,142,27,100.000000,0.000000,0.000000,6,65800.601562,86644568.000000
506,127,27,100.000000,0.000000,0.000000,6,65800.601562,86644568.000000
507,115,27,100.000000,0.000000,0.000000,6,65800.601562,86644568.000000
508,106,27,100.000000,0.000000,0.000000,6,65800.601562,86644568.000000
509,100,27,100.000000,0.000000,0.000000,6,65800.601562,86644568.000000
510,97,27,100.000000,0.000000,0.000000,6,65800.601562,86644568.000000
511,100,27,97.000000,0.000000,0.000000,6,65800.601562,86644568.000000
512,102,27,100.000000,0.000000,0.000000,6,65800.601562,86644568.000000
513,106,27,100.000000,0.000000,0.000000,6,65800.601562,86644568.000000
514,112,27,100.000000,0.000000,0.000000,6,65800.601562,86644568.000000
515,120,27,100.000000,0.000000,0.000000,6,65800.601562,86644568.000000
516,130,27,100.000000,0.000000,0.000000,6,65800.601562,86644568.000000
517,142,27,100.000000,0.000000,0.000000,6,65800.601562,86644568.000000
518,156,27,100.000000,0.000000,0.000000,6,65800.601562,86644568.000000
519,172,27,100.000000,0.000000,0.000000,6,65800.601562,86644568.000000
520,189,28,100.000000,1.000000,0.000000,7,62999.500000,28022004.000000
521,170,28,100.000000,0.000000,0.000000,7,62999.500000,28022004.000000
522,154,28,100.000000,0.000000,0.000000,7,62999.500000,28022004.000000
523,141,28,100.000000,0.000000,0.000000,7,62999.500000,28022004.000000
524,131,28,100.000000,0.000000,0.000000,7,62999.500000,28022004.000000
525,124,28,100.000000,0.000000,0.000000,7,62999.500000,28022004.000000
526,120,28,100.000000,0.000000,0.000000,7,62999.500000,28022004.000000
527,119,28,100.000000,0.000000,0.000000,7,62999.500000,28022004.000000
528,121,28,100.000000,0.000000,0.000000,7,62999.500000,28022004.000000
529,126,28,100.000000,0.000000,0.000000,7,62999.500000,28022004.000000
530,133,28,100.000000,0.000000,0.000000,7,62999.500000,28022004.000000
531,142,28,100.000000,0.000000,0.000000,7,62999.500000,28022004.000000
532,153,28,100.000000,0.000000,0.000000,7,62999.500000,28022004.000000
533,166,28,100.000000,0.000000,0.000000,7,62999.500000,28022004.000000
534,181,29,100.000000,0.000000,0.000000,7,62999.500000,28022004.000000
535,159,29,100.000000,0.000000,0.000000,7,62999.500000,28022004.000000
536,140,29,100.000000,0.000000,0.000000,7,62999.500000,28022004.000000
537,124,29,100.000000,0.000000,0.000000,7,62999.500000,28022004.000000
538,111,29,100.000000,0.000000,0.000000,7,62999.500000,28022004.000000
539,101,29,100.000000,0.000000,0.000000,7,62999.500000,28022004.000000
540,94,29,100.000000,0.000000,0.000000,7,62999.500000,28022004.000000
541,96,29,94.000000,0.000000,0.000000,7,62999.500000,28022004.000000
542,99,29,96.000000,0.000000,0.000000,7,62999.500000,28022004.000000
543,102,29,99.000000,0.000000,0.000000,7,62999.500000,28022004.000000
544,106,29,100.000000,0.000000,0.000000,7,62999.500000,28022004.000000
545,112,29,100.000000,0.000000,0.000000,7,62999.500000,28022004.000000
546,120,29,100.000000,0.000000,0.000000,7,62999.500000,28022004.000000
547,130,29,100.000000,0.000000,0.000000,7,62999.500000,28022004.000000
548,142,29,100.000000,0.000000,0.000000,7,62999.500000,28022004.000000
549,156,29,100.000000,0.000000,0.000000,7,62999.500000,28022004.000000
550,172,29,100.000000,0.000000,0.000000,7,62999.500000,28022004.000000
551,190,30,100.000000,0.000000,0.000000,7,62999.500000,28022004.000000
552,171,30,100.000000,0.000000,0.000000,7,62999.500000,28022004.000000
553,155,30,100.000000,0.000000,0.000000,7,62999.500000,28022004.000000
554,142,30,100.000000,0.000000,0.000000,7,62999.500000,28022004.000000
555,132,30,100.000000,0.000000,0.000000,7,62999.500000,28022004.000000
556,125,30,100.000000,0.000000,0.000000,7,62999.500000,28022004.000000
557,121,30,100.000000,0.000000,0.000000,7,62999.500000,28022004.000000
558,120,30,100.000000,0.000000,0.000000,7,62999.500000,28022004.000000
559,122,30,100.000000,0.000000,0.000000,7,62999.500000,28022004.000000
560,127,30,100.000000,0.000000,0.000000,7,62999.500000,28022004.000000
561,134,30,100.000000,0.000000,0.000000,7,62999.500000,28022004.000000
562,143,30,100.000000,0.000000,0.000000,7,62999.500000,28022004.000000
563,154,30,100.000000,0.000000,0.000000,7,62999.500000,28022004.000000
564,167,30,100.000000,0.000000,0.000000,7,62999.500000,28022004.000000
565,181,30,100.000000,0.000000,0.000000,7,62999.500000,28022004.000000
566,198,31,100.000000,1.000000,0.000000,8,60570.429688,26551748.000000
567,178,31,100.000000,0.000000,0.000000,8,60570.429688,26551748.000000
568,161,31,100.000000,0.000000,0.000000,8,60570.429688,26551748.000000
569,147,31,100.000000,0.000000,0.000000,8,60570.429688,26551748.000000
570,136,31,100.000000,0.000000,0.000000,8,60570.429688,26551748.000000
571,128,31,100.000000,0.000000,0.000000,8,60570.429688,26551748.000000
572,123,31,100.000000,0.000000,0.000000,8,60570.429688,26551748.000000
573,121,31,100.000000,0.000000,0.000000,8,60570.429688,26551748.000000
574,122,31,100.000000,0.000000,0.000000,8,60570.429688,26551748.000000
575,125,31,100.000000,0.000000,0.000000,8,60570.429688,26551748.000000
576,130,31,100.000000,0.000000,0.000000,8,60570.429688,26551748.000000
577,137,31,100.000000,0.000000,0.000000,8,60570.429688,26551748.000000
578,146,31,100.000000,0.000000,0.000000,8,60570.429688,26551748.000000
579,157,31,100.000000,0.000000,0.000000,8,60570.429688,26551748.000000
580,170,31,100.000000,0.000000,0.000000,8,60570.429688,26551748.000000
581,181,31,100.000000,0.000000,0.000000,8,60570.429688,26551748.000000
582,191,32,100.000000,0.000000,0.000000,8,60570.429688,26551748.000000
583,171,32,100.000000,0.000000,0.000000,8,60570.429688,26551748.000000
584,154,32,100.000000,0.000000,0.000000,8,60570.429688,26551748.000000
585,140,32,100.000000,0.000000,0.000000,8,60570.429688,26551748.000000
586,129,32,100.000000,0.000000,0.000000,8,60570.429688,26551748.000000
587,121,32,100.000000,0.000000,0.000000,8,60570.429688,26551748.000000
588,116,32,100.000000,0.000000,0.000000,8,60570.429688,26551748.000000
589,114,32,100.000000,0.000000,0.000000,8,60570.429688,26551748.000000
590,115,32,100.000000,0.000000,0.000000,8,60570.429688,26551748.000000
591,119,32,100.000000,0.000000,0.000000,8,60570.429688,26551748.000000
592,125,32,100.000000,0.000000,0.000000,8,60570.429688,26551748.000000
593,133,32,100.000000,0.000000,0.000000,8,60570.429688,26551748.000000
594,143,32,100.000000,0.000000,0.000000,8,60570.429688,26551748.000000
595,155,32,100.000000,0.000000,0.000000,8,60570.429688,26551748.000000
596,169,32,100.000000,0.000000,0.000000,8,60570.429688,26551748.000000
597,183,33,100.000000,0.000000,0.000000,8,60570.429688,26551748.000000
598,162,33,100.000000,0.000000,0.000000,8,60570.429688,26551748.000000
599,144,33,100.000000,0.000000,0.000000,8,60570.429688,26551748.000000
600,129,33,100.000000,0.000000,0.000000,8,60570.429688,26551748.000000
601,117,33,100.000000,0.000000,0.000000,8,60570.429688,26551748.000000
602,108,33,100.000000,0.000000,0.000000,8,60570.429688,26551748.000000
603,102,33,100.000000,0.000000,0.000000,8,60570.429688,26551748.000000
604,99,33,100.000000,0.000000,0.000000,8,60570.429688,26551748.000000
605,100,33,99.000000,0.000000,0.000000,8,60570.429688,26551748.000000
606,103,33,100.000000,0.000000,0.000000,8,60570.429688,26551748.000000
607,108,33,100.000000,0.000000,0.000000,8,60570.429688,26551748.000000
608,115,33,100.000000,0.000000,0.000000,8,60570.429688,26551748.000000
609,124,33,100.000000,0.000000,0.000000,8,60570.429688,26551748.000000
610,135,33,100.000000,0.000000,0.000000,8,60570.429688,26551748.000000
611,148,33,100.000000,0.000000,0.000000,8,60570.429688,26551748.000000
612,163,33,100.000000,0.000000,0.000000,8,60570.429688,26551748.000000
613,180,33,100.000000,0.000000,0.000000,8,60570.429688,26551748.000000
614,197,34,100.000000,0.000000,0.000000,8,60570.429688,26551748.000000
615,187,34,100.000000,0.000000,0.000000,8,60570.429688,26551748.000000
616,178,34,100.000000,0.000000,0.000000,8,60570.429688,26551748.000000
617,171,34,100.000000,0.000000,0.000000,8,60570.429688,26551748.000000
618,166,34,100.000000,0.000000,0.000000,8,60570.429688,26551748.000000
619,163,34,100.000000,0.000000,0.000000,8,60570.429688,26551748.000000
620,162,34,100.000000,0.000000,0.000000,8,60570.429688,26551748.000000
621,163,34,100.000000,0.000000,0.000000,8,60570.429688,26551748.000000
622,166,34,100.000000,0.000000,0.000000,8,60570.429688,26551748.000000
623,171,34,100.000000,0.000000,0.000000,8,60570.429688,26551748.000000
624,178,34,100.000000,0.000000,0.000000,8,60570.429688,26551748.000000
625,184,35,100.000000,0.000000,0.000000,8,60570.429688,26551748.000000
626,156,35,100.000000,0.000000,0.000000,8,60570.429688,26551748.000000
627,131,35,100.000000,0.000000,0.000000,8,60570.429688,26551748.000000
628,109,35,100.000000,0.000000,0.000000,8,60570.429688,26551748.000000
629,90,35,100.000000,0.000000,0.000000,8,60570.429688,26551748.000000
630,84,35,90.000000,0.000000,0.000000,8,60570.429688,26551748.000000
631,87,35,84.000000,0.000000,0.000000,8,60570.429688,26551748.000000
632,90,35,87.000000,0.000000,0.000000,8,60570.429688,26551748.000000
633,93,35,90.000000,0.000000,0.000000,8,60570.429688,26551748.000000
634,96,35,93.000000,0.000000,0.000000,8,60570.429688,26551748.000000
635,99,35,96.000000,0.000000,0.000000,8,60570.429688,26551748.000000
636,102,35,99.000000,0.000000,0.000000,8,60570.429688,26551748.000000
637,107,35,100.000000,0.000000,0.000000,8,60570.429688,26551748.000000
638,114,35,100.000000,0.000000,0.000000,8,60570.429688,26551748.000000
639,123,35,100.000000,0.000000,0.000000,8,60570.429688,26551748.000000
640,134,35,100.000000,0.000000,0.000000,8,60570.429688,26551748.000000
641,147,35,100.000000,0.000000,0.000000,8,60570.429688,26551748.000000
642,162,35,100.000000,0.000000,0.000000,8,60570.429688,26551748.000000
643,179,35,100.000000,0.000000,0.000000,8,60570.429688,26551748.000000
644,196,36,100.000000,0.000000,0.000000,8,60570.429688,26551748.000000
645,188,36,100.000000,0.000000,0.000000,8,60570.429688,26551748.000000
646,182,36,100.000000,0.000000,0.000000,8,60570.429688,26551748.000000
647,177,36,100.000000,0.000000,0.000000,8,60570.429688,26551748.000000
648,174,36,100.000000,0.000000,0.000000,8,60570.429688,26551748.000000
649,173,36,100.000000,0.000000,0.000000,8,60570.429688,26551748.000000
650,174,36,100.000000,0.000000,0.000000,8,60570.429688,26551748.000000
651,177,36,100.000000,0.000000,0.000000,8,60570.429688,26551748.000000
652,182,37,100.000000,1.000000,0.000000,9,63750.500000,55058872.000000
653,150,37,100.000000,0.000000,0.000000,9,63750.500000,55058872.000000
654,121,37,100.000000,0.000000,0.000000,9,63750.500000,55058872.000000
655,95,37,100.000000,0.000000,0.000000,9,63750.500000,55058872.000000
656,77,37,95.000000,0.000000,0.000000,9,63750.500000,55058872.000000
657,80,37,77.000000,0.000000,0.000000,9,63750.500000,55058872.000000
658,83,37,80.000000,0.000000,0.000000,9,63750.500000,55058872.000000
659,86,37,83.000000,0.000000,0.000000,9,63750.500000,55058872.000000
660,89,37,86.000000,0.000000,0.000000,9,63750.500000,55058872.000000
661,92,37,89.000000,0.000000,0.000000,9,63750.500000,55058872.000000
662,95,37,92.000000,0.000000,0.000000,9,63750.500000,55058872.000000
663,98,37,95.000000,0.000000,0.000000,9,63750.500000,55058872.000000
664,101,37,98.000000,0.000000,0.000000,9,63750.500000,55058872.000000
665,105,37,100.000000,0.000000,0.000000,9,63750.500000,55058872.000000
666,111,37,100.000000,0.000000,0.000000,9,63750.500000,55058872.000000
667,119,37,100.000000,0.000000,0.000000,9,63750.500000,55058872.000000
668,129,37,100.000000,0.000000,0.000000,9,63750.500000,55058872.000000
669,141,37,100.000000,0.000000,0.000000,9,63750.500000,55058872.000000
670,155,37,100.000000,0.000000,0.000000,9,63750.500000,55058872.000000
671,171,37,100.000000,0.000000,0.000000,9,63750.500000,55058872.000000
672,189,38,100.000000,0.000000,0.000000,9,63750.500000,55058872.000000
673,170,38,100.000000,0.000000,0.000000,9,63750.500000,55058872.000000
674,154,38,100.000000,0.000000,0.000000,9,63750.500000,55058872.000000
675,141,38,100.000000,0.000000,0.000000,9,63750.500000,55058872.000000
676,131,38,100.000000,0.000000,0.000000,9,63750.500000,55058872.000000
677,124,38,100.000000,0.000000,0.000000,9,63750.500000,55058872.000000
678,120,38,100.000000,0.000000,0.000000,9,63750.500000,55058872.000000
679,119,38,100.000000,0.000000,0.000000,9,63750.500000,55058872.000000
680,121,38,100.000000,0.000000,0.000000,9,63750.500000,55058872.000000
681,126,38,100.000000,0.000000,0.000000,9,63750.500000,55058872.000000
682,134,38,100.000000,0.000000,0.000000,9,63750.500000,55058872.000000
683,145,38,100.000000,0.000000,0.000000,9,63750.500000,55058872.000000
684,159,38,100.000000,0.000000,0.000000,9,63750.500000,55058872.000000
685,175,38,100.000000,0.000000,0.000000,9,63750.500000,55058872.000000
686,193,39,100.000000,0.000000,0.000000,9,63750.500000,55058872.000000
687,179,39,100.000000,0.000000,0.000000,9,63750.500000,55058872.000000
688,167,39,100.000000,0.000000,0.000000,9,63750.500000,55058872.000000
689,157,39,100.000000,0.000000,0.000000,9,63750.500000,55058872.000000
690,149,39,100.000000,0.000000,0.000000,9,63750.500000,55058872.000000
691,143,39,100.000000,0.000000,0.000000,9,63750.500000,55058872.000000
692,139,39,100.000000,0.000000,0.000000,9,63750.500000,55058872.000000
693,137,39,100.000000,0.000000,0.000000,9,63750.500000,55058872.000000
694,137,39,100.000000,0.000000,0.000000,9,63750.500000,55058872.000000
695,139,39,100.000000,0.000000,0.000000,9,63750.500000,55058872.000000
696,143,39,100.000000,0.000000,0.000000,9,63750.500000,55058872.000000
697,149,39,100.000000,0.000000,0.000000,9,63750.500000,55058872.000000
698,157,39,100.000000,0.000000,0.000000,9,63750.500000,55058872.000000
699,167,39,100.000000,0.000000,0.000000,9,63750.500000,55058872.000000
700,179,39,100.000000,0.000000,0.000000,9,63750.500000,55058872.000000
701,185,40,100.000000,1.000000,0.000000,10,62111.222656,17198284.000000
702,162,40,100.000000,0.000000,0.000000,10,62111.222656,17198284.000000
703,142,40,100.000000,0.000000,0.000000,10,62111.222656,17198284.000000
704,125,40,100.000000,0.000000,0.000000,10,62111.222656,17198284.000000
705,111,40,100.000000,0.000000,0.000000,10,62111.222656,17198284.000000
706,100,40,100.000000,0.000000,0.000000,10,62111.222656,17198284.000000
707,92,40,100.000000,0.000000,0.000000,10,62111.222656,17198284.000000
708,95,40,92.000000,0.000000,0.000000,10,62111.222656,17198284.000000
709,98,40,95.000000,0.000000,0.000000,10,62111.222656,17198284.000000
710,101,40,98.000000,0.000000,0.000000,10,62111.222656,17198284.000000
711,105,40,100.000000,0.000000,0.000000,10,62111.222656,17198284.000000
712,112,40,100.000000,0.000000,0.000000,10,62111.222656,17198284.000000
713,121,40,100.000000,0.000000,0.000000,10,62111.222656,17198284.000000
714,132,40,100.000000,0.000000,0.000000,10,62111.222656,17198284.000000
715,145,40,100.000000,0.000000,0.000000,10,62111.222656,17198284.000000
716,160,40,100.000000,0.000000,0.000000,10,62111.222656,17198284.000000
717,177,40,100.000000,0.000000,0.000000,10,62111.222656,17198284.000000
718,195,41,100.000000,0.000000,0.000000,10,62111.222656,17198284.000000
719,185,41,100.000000,0.000000,0.000000,10,62111.222656,17198284.000000
720,176,41,100.000000,0.000000,0.000000,10,62111.222656,17198284.000000
721,169,41,100.000000,0.000000,0.000000,10,62111.222656,17198284.000000
722,164,41,100.000000,0.000000,0.000000,10,62111.222656,17198284.000000
723,161,41,100.000000,0.000000,0.000000,10,62111.222656,17198284.000000
724,160,41,100.000000,0.000000,0.000000,10,62111.222656,17198284.000000
725,161,41,100.000000,0.000000,0.000000,10,62111.222656,17198284.000000
726,164,41,100.000000,0.000000,0.000000,10,62111.222656,17198284.000000
727,169,41,100.000000,0.000000,0.000000,10,62111.222656,17198284.000000
728,176,41,100.000000,0.000000,0.000000,10,62111.222656,17198284.000000
729,181,42,100.000000,0.000000,0.000000,10,62111.222656,17198284.000000
730,153,42,100.000000,0.000000,0.000000,10,62111.222656,17198284.000000
731,128,42,100.000000,0.000000,0.000000,10,62111.222656,17198284.000000
732,106,42,100.000000,0.000000,0.000000,10,62111.222656,17198284.000000
733,87,42,100.000000,0.000000,0.000000,10,62111.222656,17198284.000000
734,84,42,87.000000,0.000000,0.000000,10,62111.222656,17198284.000000
735,87,42,84.000000,0.000000,0.000000,10,62111.222656,17198284.000000
736,90,42,87.000000,0.000000,0.000000,10,62111.222656,17198284.000000
737,93,42,90.000000,0.000000,0.000000,10,62111.222656,17198284.000000
738,96,42,93.000000,0.000000,0.000000,10,62111.222656,17198284.000000
739,99,42,96.000000,0.000000,0.000000,10,62111.222656,17198284.000000
740,102,42,99.000000,0.000000,0.000000,10,62111.222656,17198284.000000
741,107,42,100.000000,0.000000,0.000000,10,62111.222656,17198284.000000
742,114,42,100.000000,0.000000,0.000000,10,62111.222656,17198284.000000
743,123,42,100.000000,0.000000,0.000000,10,62111.222656,17198284.000000
744,134,42,100.000000,0.000000,0.000000,10,62111.222656,17198284.000000
745,147,42,100.000000,0.000000,0.000000,10,62111.222656,17198284.000000
746,162,42,100.000000,0.000000,0.000000,10,62111.222656,17198284.000000
747,179,42,100.000000,0.000000,0.000000,10,62111.222656,17198284.000000
748,198,43,100.000000,1.000000,0.000000,11,60599.199219,16834824.000000
749,180,43,100.000000,0.000000,0.000000,11,60599.199219,16834824.000000
750,165,43,100.000000,0.000000,0.000000,11,60599.199219,16834824.000000
751,153,43,100.000000,0.000000,0.000000,11,60599.199219,16834824.000000
752,144,43,100.000000,0.000000,0.000000,11,60599.199219,16834824.000000
753,138,43,100.000000,0.000000,0.000000,11,60599.199219,16834824.000000
754,135,43,100.000000,0.000000,0.000000,11,60599.199219,16834824.000000
755,135,43,100.000000,0.000000,0.000000,11,60599.199219,16834824.000000
756,138,43,100.000000,0.000000,0.000000,11,60599.199219,16834824.000000
757,144,43,100.000000,0.000000,0.000000,11,60599.199219,16834824.000000
758,153,43,100.000000,0.000000,0.000000,11,60599.199219,16834824.000000
759,164,43,100.000000,0.000000,0.000000,11,60599.199219,16834824.000000
760,177,43,100.000000,0.000000,0.000000,11,60599.199219,16834824.000000
761,189,44,100.000000,0.000000,0.000000,11,60599.199219,16834824.000000
762,167,44,100.000000,0.000000,0.000000,11,60599.199219,16834824.000000
763,148,44,100.000000,0.000000,0.000000,11,60599.199219,16834824.000000
764,132,44,100.000000,0.000000,0.000000,11,60599.199219,16834824.000000
765,119,44,100.000000,0.000000,0.000000,11,60599.199219,16834824.000000
766,109,44,100.000000,0.000000,0.000000,11,60599.199219,16834824.000000
767,102,44,100.000000,0.000000,0.000000,11,60599.199219,16834824.000000
768,98,44,100.000000,0.000000,0.000000,11,60599.199219,16834824.000000
769,99,44,98.000000,0.000000,0.000000,11,60599.199219,16834824.000000
770,101,44,99.000000,0.000000,0.000000,11,60599.199219,16834824.000000
771,104,44,100.000000,0.000000,0.000000,11,60599.199219,16834824.000000
772,109,44,100.000000,0.000000,0.000000,11,60599.199219,16834824.000000
773,116,44,100.000000,0.000000,0.000000,11,60599.199219,16834824.000000
774,125,44,100.000000,0.000000,0.000000,11,60599.199219,16834824.000000
775,136,44,100.000000,0.000000,0.000000,11,60599.199219,16834824.000000
776,149,44,100.000000,0.000000,0.000000,11,60599.199219,16834824.000000
777,164,44,100.000000,0.000000,0.000000,11,60599.199219,16834824.000000
778,181,45,100.000000,0.000000,0.000000,11,60599.199219,16834824.000000
779,161,45,100.000000,0.000000,0.000000,11,60599.199219,16834824.000000
780,144,45,100.000000,0.000000,0.000000,11,60599.199219,16834824.000000
781,130,45,100.000000,0.000000,0.000000,11,60599.199219,16834824.000000
782,119,45,100.000000,0.000000,0.000000,11,60599.199219,16834824.000000
783,111,45,100.000000,0.000000,0.000000,11,60599.199219,16834824.000000
784,106,45,100.000000,0.000000,0.000000,11,60599.199219,16834824.000000
785,104,45,100.000000,0.000000,0.000000,11,60599.199219,16834824.000000
786,105,45,100.000000,0.000000,0.000000,11,60599.199219,16834824.000000
787,109,45,100.000000,0.000000,0.000000,11,60599.199219,16834824.000000
788,116,45,100.000000,0.000000,0.000000,11,60599.199219,16834824.000000
789,125,45,100.000000,0.000000,0.000000,11,60599.199219,16834824.000000
790,136,45,100.000000,0.000000,0.000000,11,60599.199219,16834824.000000
791,149,45,100.000000,0.000000,0.000000,11,60599.199219,16834824.000000
792,164,45,100.000000,0.000000,0.000000,11,60599.199219,16834824.000000
793,181,45,100.000000,0.000000,0.000000,11,60599.199219,16834824.000000
794,199,46,100.000000,1.000000,0.000000,12,59272.089844,14676818.000000
795,182,46,100.000000,0.000000,0.000000,12,59272.089844,14676818.000000
796,167,46,100.000000,0.000000,0.000000,12,59272.089844,14676818.000000
797,155,46,100.000000,0.000000,0.000000,12,59272.089844,14676818.000000
798,146,46,100.000000,0.000000,0.000000,12,59272.089844,14676818.000000
799,140,46,100.000000,0.000000,0.000000,12,59272.089844,14676818.000000
800,137,46,100.000000,0.000000,0.000000,12,59272.089844,14676818.000000
801,137,46,100.000000,0.000000,0.000000,12,59272.089844,14676818.000000
802,139,46,100.000000,0.000000,0.000000,12,59272.089844,14676818.000000
803,143,46,100.000000,0.000000,0.000000,12,59272.089844,14676818.000000
804,149,46,100.000000,0.000000,0.000000,12,59272.089844,14676818.000000
805,157,46,100.000000,0.000000,0.000000,12,59272.089844,14676818.000000
806,167,46,100.000000,0.000000,0.000000,12,59272.089844,14676818.000000
807,179,46,100.000000,0.000000,0.000000,12,59272.089844,14676818.000000
808,192,47,100.000000,0.000000,0.000000,12,59272.089844,14676818.000000
809,178,47,100.000000,0.000000,0.000000,12,59272.089844,14676818.000000
810,166,47,100.000000,0.000000,0.000000,12,59272.089844,14676818.000000
811,156,47,100.000000,0.000000,0.000000,12,59272.089844,14676818.000000
812,148,47,100.000000,0.000000,0.000000,12,59272.089844,14676818.000000
813,142,47,100.000000,0.000000,0.000000,12,59272.089844,14676818.000000
814,138,47,100.000000,0.000000,0.000000,12,59272.089844,14676818.000000
815,136,47,100.000000,0.000000,0.000000,12,59272.089844,14676818.000000
816,136,47,100.000000,0.000000,0.000000,12,59272.089844,14676818.000000
817,138,47,100.000000,0.000000,0.000000,12,59272.089844,14676818.000000
818,142,47,100.000000,0.000000,0.000000,12,59272.089844,14676818.000000
819,148,47,100.000000,0.000000,0.000000,12,59272.089844,14676818.000000
820,156,47,100.000000,0.000000,0.000000,12,59272.089844,14676818.000000
821,166,47,100.000000,0.000000,0.000000,12,59272.089844,14676818.000000
822,178,47,100.000000,0.000000,0.000000,12,59272.089844,14676818.000000
823,191,48,100.000000,0.000000,0.000000,12,59272.089844,14676818.000000
824,168,48,100.000000,0.000000,0.000000,12,59272.089844,14676818.000000
825,148,48,100.000000,0.000000,0.000000,12,59272.089844,14676818.000000
826,131,48,100.000000,0.000000,0.000000,12,59272.089844,14676818.000000
827,117,48,100.000000,0.000000,0.000000,12,59272.089844,14676818.000000
828,106,48,100.000000,0.000000,0.000000,12,59272.089844,14676818.000000
829,98,48,100.000000,0.000000,0.000000,12,59272.089844,14676818.000000
830,95,48,98.000000,0.000000,0.000000,12,59272.089844,14676818.000000
831,98,48,95.000000,0.000000,0.000000,12,59272.089844,14676818.000000
832,101,48,98.000000,0.000000,0.000000,12,59272.089844,14676818.000000
833,105,48,100.000000,0.000000,0.000000,12,59272.089844,14676818.000000
834,112,48,100.000000,0.000000,0.000000,12,59272.089844,14676818.000000
835,121,48,100.000000,0.000000,0.000000,12,59272.089844,14676818.000000
836,132,48,100.000000,0.000000,0.000000,12,59272.089844,14676818.000000
837,145,48,100.000000,0.000000,0.000000,12,59272.089844,14676818.000000
838,160,48,100.000000,0.000000,0.000000,12,59272.089844,14676818.000000
839,177,48,100.000000,0.000000,0.000000,12,59272.089844,14676818.000000
840,195,49,100.000000,1.000000,0.000000,13,58166.167969,11383946.000000
841,177,49,100.000000,0.000000,0.000000,13,58166.167969,11383946.000000
842,162,49,100.000000,0.000000,0.000000,13,58166.167969,11383946.000000
843,150,49,100.000000,0.000000,0.000000,13,58166.167969,11383946.000000
844,141,49,100.000000,0.000000,0.000000,13,58166.167969,11383946.000000
845,135,49,100.000000,0.000000,0.000000,13,58166.167969,11383946.000000
846,132,49,100.000000,0.000000,0.000000,13,58166.167969,11383946.000000
847,132,49,100.000000,0.000000,0.000000,13,58166.167969,11383946.000000
848,135,49,100.000000,0.000000,0.000000,13,58166.167969,11383946.000000
849,140,49,100.000000,0.000000,0.000000,13,58166.167969,11383946.000000
850,147,49,100.000000,0.000000,0.000000,13,58166.167969,11383946.000000
851,156,49,100.000000,0.000000,0.000000,13,58166.167969,11383946.000000
852,167,49,100.000000,0.000000,0.000000,13,58166.167969,11383946.000000
853,180,49,100.000000,0.000000,0.000000,13,58166.167969,11383946.000000
854,190,50,100.000000,0.000000,0.000000,13,58166.167969,11383946.000000
855,176,50,100.000000,0.000000,0.000000,13,58166.167969,11383946.000000
856,164,50,100.000000,0.000000,0.000000,13,58166.167969,11383946.000000
857,154,50,100.000000,0.000000,0.000000,13,58166.167969,11383946.000000
858,146,50,100.000000,0.000000,0.000000,13,58166.167969,11383946.000000
859,140,50,100.000000,0.000000,0.000000,13,58166.167969,11383946.000000
860,136,50,100.000000,0.000000,0.000000,13,58166.167969,11383946.000000
861,134,50,100.000000,0.000000,0.000000,13,58166.167969,11383946.000000
862,134,50,100.000000,0.000000,0.000000,13,58166.167969,11383946.000000
863,136,50,100.000000,0.000000,0.000000,13,58166.167969,11383946.000000
864,140,50,100.000000,0.000000,0.000000,13,58166.167969,11383946.000000
865,146,50,100.000000,0.000000,0.000000,13,58166.167969,11383946.000000
866,154,50,100.000000,0.000000,0.000000,13,58166.167969,11383946.000000
867,164,50,100.000000,0.000000,0.000000,13,58166.167969,11383946.000000
868,176,50,100.000000,0.000000,0.000000,13,58166.167969,11383946.000000
869,189,51,100.000000,0.000000,0.000000,13,58166.167969,11383946.000000
870,166,51,100.000000,0.000000,0.000000,13,58166.167969,11383946.000000
871,146,51,100.000000,0.000000,0.000000,13,58166.167969,11383946.000000
872,129,51,100.000000,0.000000,0.000000,13,58166.167969,11383946.000000
873,115,51,100.000000,0.000000,0.000000,13,58166.167969,11383946.000000
874,104,51,100.000000,0.000000,0.000000,13,58166.167969,11383946.000000
875,96,51,100.000000,0.000000,0.000000,13,58166.167969,11383946.000000
876,95,51,96.000000,0.000000,0.000000,13,58166.167969,11383946.000000
877,98,51,95.000000,0.000000,0.000000,13,58166.167969,11383946.000000
878,101,51,98.000000,0.000000,0.000000,13,58166.167969,11383946.000000
879,105,51,100.000000,0.000000,0.000000,13,58166.167969,11383946.000000
880,112,51,100.000000,0.000000,0.000000,13,58166.167969,11383946.000000
881,121,51,100.000000,0.000000,0.000000,13,58166.167969,11383946.000000
882,132,51,100.000000,0.000000,0.000000,13,58166.167969,11383946.000000
883,145,51,100.000000,0.000000,0.000000,13,58166.167969,11383946.000000
884,160,51,100.000000,0.000000,0.000000,13,58166.167969,11383946.000000
885,177,51,100.000000,0.000000,0.000000,13,58166.167969,11383946.000000
886,194,52,100.000000,1.000000,0.000000,14,57230.382812,9007073.000000
887,176,52,100.000000,0.000000,0.000000,14,57230.382812,9007073.000000
888,161,52,100.000000,0.000000,0.000000,14,57230.382812,9007073.000000
889,149,52,100.000000,0.000000,0.000000,14,57230.382812,9007073.000000
890,140,52,100.000000,0.000000,0.000000,14,57230.382812,9007073.000000
891,134,52,100.000000,0.000000,0.000000,14,57230.382812,9007073.000000
892,131,52,100.000000,0.000000,0.000000,14,57230.382812,9007073.000000
893,131,52,100.000000,0.000000,0.000000,14,57230.382812,9007073.000000
894,134,52,100.000000,0.000000,0.000000,14,57230.382812,9007073.000000
895,139,52,100.000000,0.000000,0.000000,14,57230.382812,9007073.000000
896,146,52,100.000000,0.000000,0.000000,14,57230.382812,9007073.000000
897,155,52,100.000000,0.000000,0.000000,14,57230.382812,9007073.000000
898,166,52,100.000000,0.000000,0.000000,14,57230.382812,9007073.000000
899,179,52,100.000000,0.000000,0.000000,14,57230.382812,9007073.000000
900,193,53,100.000000,0.000000,0.000000,14,57230.382812,9007073.000000
901,179,53,100.000000,0.000000,0.000000,14,57230.382812,9007073.000000
902,167,53,100.000000,0.000000,0.000000,14,57230.382812,9007073.000000
903,157,53,100.000000,0.000000,0.000000,14,57230.382812,9007073.000000
904,149,53,100.000000,0.000000,0.000000,14,57230.382812,9007073.000000
905,143,53,100.000000,0.000000,0.000000,14,57230.382812,9007073.000000
906,139,53,100.000000,0.000000,0.000000,14,57230.382812,9007073.000000
907,137,53,100.000000,0.000000,0.000000,14,57230.382812,9007073.000000
908,137,53,100.000000,0.000000,0.000000,14,57230.382812,9007073.000000
909,139,53,100.000000,0.000000,0.000000,14,57230.382812,9007073.000000
910,143,53,100.000000,0.000000,0.000000,14,57230.382812,9007073.000000
911,149,53,100.000000,0.000000,0.000000,14,57230.382812,9007073.000000
912,157,53,100.000000,0.000000,0.000000,14,57230.382812,9007073.000000
913,167,53,100.000000,0.000000,0.000000,14,57230.382812,9007073.000000
914,179,53,100.000000,0.000000,0.000000,14,57230.382812,9007073.000000
915,191,54,100.000000,0.000000,0.000000,14,57230.382812,9007073.000000
916,168,54,100.000000,0.000000,0.000000,14,57230.382812,9007073.000000
917,148,54,100.000000,0.000000,0.000000,14,57230.382812,9007073.000000
918,131,54,100.000000,0.000000,0.000000,14,57230.382812,9007073.000000
919,117,54,100.000000,0.000000,0.000000,14,57230.382812,9007073.000000
920,106,54,100.000000,0.000000,0.000000,14,57230.382812,9007073.000000
921,98,54,100.000000,0.000000,0.000000,14,57230.382812,9007073.000000
922,95,54,98.000000,0.000000,0.000000,14,57230.382812,9007073.000000
923,98,54,95.000000,0.000000,0.000000,14,57230.382812,9007073.000000
924,101,54,98.000000,0.000000,0.000000,14,57230.382812,9007073.000000
925,105,54,100.000000,0.000000,0.000000,14,57230.382812,9007073.000000
926,112,54,100.000000,0.000000,0.000000,14,57230.382812,9007073.000000
927,121,54,100.000000,0.000000,0.000000,14,57230.382812,9007073.000000
928,132,54,100.000000,0.000000,0.000000,14,57230.382812,9007073.000000
929,145,54,100.000000,0.000000,0.000000,14,57230.382812,9007073.000000
930,160,54,100.000000,0.000000,0.000000,14,57230.382812,9007073.000000
931,177,54,100.000000,0.000000,0.000000,14,57230.382812,9007073.000000
932,196,55,100.000000,0.000000,0.000000,14,57230.382812,9007073.000000
933,186,55,100.000000,0.000000,0.000000,14,57230.382812,9007073.000000
934,177,55,100.000000,0.000000,0.000000,14,57230.382812,9007073.000000
935,170,55,100.000000,0.000000,0.000000,14,57230.382812,9007073.000000
936,165,55,100.000000,0.000000,0.000000,14,57230.382812,9007073.000000
937,162,55,100.000000,0.000000,0.000000,14,57230.382812,9007073.000000
938,161,55,100.000000,0.000000,0.000000,14,57230.382812,9007073.000000
939,162,55,100.000000,0.000000,0.000000,14,57230.382812,9007073.000000
940,165,55,100.000000,0.000000,0.000000,14,57230.382812,9007073.000000
941,170,55,100.000000,0.000000,0.000000,14,57230.382812,9007073.000000
942,177,55,100.000000,0.000000,0.000000,14,57230.382812,9007073.000000
943,182,56,100.000000,0.000000,0.000000,14,57230.382812,9007073.000000
944,154,56,100.000000,0.000000,0.000000,14,57230.382812,9007073.000000
945,129,56,100.000000,0.000000,0.000000,14,57230.382812,9007073.000000
946,107,56,100.000000,0.000000,0.000000,14,57230.382812,9007073.000000
947,88,56,100.000000,0.000000,0.000000,14,57230.382812,9007073.000000
948,84,56,88.000000,0.000000,0.000000,14,57230.382812,9007073.000000
949,87,56,84.000000,0.000000,0.000000,14,57230.382812,9007073.000000
950,90,56,87.000000,0.000000,0.000000,14,57230.382812,9007073.000000
951,93,56,90.000000,0.000000,0.000000,14,57230.382812,9007073.000000
952,96,56,93.000000,0.000000,0.000000,14,57230.382812,9007073.000000
953,99,56,96.000000,0.000000,0.000000,14,57230.382812,9007073.000000
954,102,56,99.000000,0.000000,0.000000,14,57230.382812,9007073.000000
955,107,56,100.000000,0.000000,0.000000,14,57230.382812,9007073.000000
956,114,56,100.000000,0.000000,0.000000,14,57230.382812,9007073.000000
957,123,56,100.000000,0.000000,0.000000,14,57230.382812,9007073.000000
958,134,56,100.000000,0.000000,0.000000,14,57230.382812,9007073.000000
959,147,56,100.000000,0.000000,0.000000,14,57230.382812,9007073.000000
960,162,56,100.000000,0.000000,0.000000,14,57230.382812,9007073.000000
961,179,56,100.000000,0.000000,0.000000,14,57230.382812,9007073.000000
962,196,57,100.000000,0.000000,0.000000,14,57230.382812,9007073.000000
963,188,57,100.000000,0.000000,0.000000,14,57230.382812,9007073.000000
964,182,57,100.000000,0.000000,0.000000,14,57230.382812,9007073.000000
965,177,57,100.000000,0.000000,0.000000,14,57230.382812,9007073.000000
966,174,57,100.000000,0.000000,0.000000,14,57230.382812,9007073.000000
967,173,57,100.000000,0.000000,0.000000,14,57230.382812,9007073.000000
968,174,57,100.000000,0.000000,0.000000,14,57230.382812,9007073.000000
969,177,57,100.000000,0.000000,0.000000,14,57230.382812,9007073.000000
970,181,58,100.000000,1.000000,0.000000,15,59143.214844,41223800.000000
971,149,58,100.000000,0.000000,0.000000,15,59143.214844,41223800.000000
972,120,58,100.000000,0.000000,0.000000,15,59143.214844,41223800.000000
973,94,58,100.000000,0.000000,0.000000,15,59143.214844,41223800.000000
974,77,58,94.000000,0.000000,0.000000,15,59143.214844,41223800.000000
975,80,58,77.000000,0.000000,0.000000,15,59143.214844,41223800.000000
976,83,58,80.000000,0.000000,0.000000,15,59143.214844,41223800.000000
977,86,58,83.000000,0.000000,0.000000,15,59143.214844,41223800.000000
978,89,58,86.000000,0.000000,0.000000,15,59143.214844,41223800.000000
979,92,58,89.000000,0.000000,0.000000,15,59143.214844,41223800.000000
980,95,58,92.000000,0.000000,0.000000,15,59143.214844,41223800.000000
981,98,58,95.000000,0.000000,0.000000,15,59143.214844,41223800.000000
982,101,58,98.000000,0.000000,0.000000,15,59143.214844,41223800.000000
983,105,58,100.000000,0.000000,0.000000,15,59143.214844,41223800.000000
984,111,58,100.000000,0.000000,0.000000,15,59143.214844,41223800.000000
985,119,58,100.000000,0.000000,0.000000,15,59143.214844,41223800.000000
986,129,58,100.000000,0.000000,0.000000,15,59143.214844,41223800.000000
987,141,58,100.000000,0.000000,0.000000,15,59143.214844,41223800.000000
988,155,58,100.000000,0.000000,0.000000,15,59143.214844,41223800.000000
989,171,58,100.000000,0.000000,0.000000,15,59143.214844,41223800.000000
990,186,59,100.000000,0.000000,0.000000,15,59143.214844,41223800.000000
991,167,59,100.000000,0.000000,0.000000,15,59143.214844,41223800.000000
992,151,59,100.000000,0.000000,0.000000,15,59143.214844,41223800.000000
993,138,59,100.000000,0.000000,0.000000,15,59143.214844,41223800.000000
994,128,59,100.000000,0.000000,0.000000,15,59143.214844,41223800.000000
995,121,59,100.000000,0.000000,0.000000,15,59143.214844,41223800.000000
996,117,59,100.000000,0.000000,0.000000,15,59143.214844,41223800.000000
997,116,59,100.000000,0.000000,0.000000,15,59143.214844,41223800.000000
998,118,59,100.000000,0.000000,0.000000,15,59143.214844,41223800.000000
999,123,59,100.000000,0.000000,0.000000,15,59143.214844,41223800.000000
1000,131,59,100.000000,0.000000,0.000000,15,59143.214844,41223800.000000
